Filename,Noise,Hot_dogs_present,Ketchup,Mustard,Onion,Relish,Chili,Cheese
hot_dog_1.jpg,0,1,1,1,1,1,0,0
hot_dog_2.jpg,1,1,0,0,1,1,0,0
hot_dog_3.jpg,1,1,1,1,0,0,0,0
hot_dog_4.jpg,1,1,1,1,1,1,0,0
hot_dog_5.jpg,1,1,1,1,0,0,0,0
hot_dog_6.jpg,0,1,1,1,1,0,0,0
hot_dog_7.jpg,1,1,0,0,1,0,1,0
hot_dog_8.jpg,1,1,0,0,0,0,1,1
hot_dog_9.jpg,0,1,0,1,1,0,0,0
hot_dog_10.jpg,1,1,1,1,0,0,0,0
hot_dog_11.jpg,0,1,0,1,0,1,0,0
hot_dog_12.jpg,1,1,1,0,0,0,0,0
hot_dog_13.jpg,0,1,0,0,0,0,0,0
hot_dog_14.jpg,1,1,0,0,0,0,0,0
hot_dog_15.jpg,1,1,0,0,0,0,0,0
hot_dog_16.jpg,1,1,0,1,0,0,0,0
hot_dog_17.jpg,0,0,0,0,0,0,0,0
hot_dog_18.jpg,1,1,0,0,0,0,1,0
hot_dog_19.jpg,1,1,0,1,1,0,0,0
hot_dog_20.jpg,0,1,0,0,0,0,0,0
hot_dog_21.jpg,1,1,0,0,0,0,0,0
hot_dog_22.jpg,1,1,1,1,1,1,0,0
hot_dog_23.jpg,1,1,0,0,0,0,1,1
hot_dog_24.jpg,1,0,0,1,0,0,0,0
hot_dog_25.jpg,0,1,0,1,0,1,0,0
hot_dog_26.jpg,1,1,1,1,0,1,0,0
hot_dog_32.jpg,1,1,1,0,0,0,0,0
hot_dog_33.jpg,0,1,1,0,1,0,0,1
hot_dog_34.jpg,1,1,1,0,1,1,0,0
hot_dog_35.jpg,1,1,0,0,0,0,0,1
hot_dog_36.jpg,1,1,0,0,1,0,0,0
hot_dog_37.jpg,0,1,1,1,0,0,0,0
hot_dog_38.jpg,0,1,0,0,0,0,1,0
hot_dog_40.jpg,1,1,1,1,1,0,0,0
hot_dog_41.jpg,1,0,0,0,0,0,0,1
hot_dog_42.jpg,0,1,0,1,0,0,1,1
hot_dog_44.jpg,0,1,1,1,1,0,0,0
hot_dog_45.jpg,1,1,0,0,0,0,0,1
hot_dog_46.jpg,,,,,,,,
hot_dog_48.jpg,,,,,,,,
hot_dog_49.jpg,,,,,,,,
hot_dog_50.jpg,,,,,,,,
hot_dog_51.jpg,,,,,,,,
hot_dog_52.jpg,,,,,,,,
hot_dog_53.jpg,,,,,,,,
hot_dog_54.jpg,,,,,,,,
hot_dog_55.jpg,,,,,,,,
hot_dog_56.jpg,,,,,,,,
hot_dog_57.jpg,,,,,,,,
hot_dog_58.jpg,,,,,,,,
hot_dog_59.jpg,,,,,,,,
hot_dog_60.jpg,,,,,,,,
hot_dog_61.jpg,,,,,,,,
hot_dog_62.jpg,,,,,,,,
hot_dog_63.jpg,,,,,,,,
hot_dog_65.jpg,,,,,,,,
hot_dog_66.jpg,,,,,,,,
hot_dog_67.jpg,,,,,,,,
hot_dog_68.jpg,,,,,,,,
hot_dog_69.jpg,,,,,,,,
hot_dog_72.jpg,,,,,,,,
hot_dog_73.jpg,,,,,,,,
hot_dog_75.jpg,,,,,,,,
hot_dog_78.jpg,,,,,,,,
hot_dog_79.jpg,,,,,,,,
hot_dog_80.jpg,,,,,,,,
hot_dog_82.jpg,,,,,,,,
hot_dog_83.jpg,,,,,,,,
hot_dog_84.jpg,,,,,,,,
hot_dog_85.jpg,,,,,,,,
hot_dog_87.jpg,,,,,,,,
hot_dog_88.jpg,,,,,,,,
hot_dog_89.jpg,,,,,,,,
hot_dog_91.jpg,,,,,,,,
hot_dog_92.jpg,,,,,,,,
hot_dog_93.jpg,,,,,,,,
hot_dog_94.jpg,,,,,,,,
hot_dog_95.jpg,,,,,,,,
hot_dog_96.jpg,,,,,,,,
hot_dog_97.jpg,,,,,,,,
hot_dog_98.jpg,,,,,,,,
hot_dog_99.jpg,,,,,,,,
hot_dog_100.jpg,,,,,,,,
hot_dog_101.jpg,,,,,,,,
hot_dog_102.jpg,,,,,,,,
hot_dog_103.jpg,,,,,,,,
hot_dog_104.jpg,,,,,,,,
hot_dog_105.jpg,,,,,,,,
hot_dog_106.jpg,,,,,,,,
hot_dog_107.jpg,,,,,,,,
hot_dog_108.jpg,,,,,,,,
hot_dog_109.jpg,,,,,,,,
hot_dog_110.jpg,,,,,,,,
hot_dog_111.jpg,,,,,,,,
hot_dog_112.jpg,,,,,,,,
hot_dog_113.jpg,,,,,,,,
hot_dog_114.jpg,,,,,,,,
hot_dog_115.jpg,,,,,,,,
hot_dog_117.jpg,,,,,,,,
hot_dog_118.jpg,,,,,,,,
hot_dog_120.jpg,,,,,,,,
hot_dog_121.jpg,,,,,,,,
hot_dog_122.jpg,,,,,,,,
hot_dog_124.jpg,,,,,,,,
hot_dog_125.jpg,,,,,,,,
hot_dog_126.jpg,,,,,,,,
hot_dog_127.jpg,,,,,,,,
hot_dog_128.jpg,,,,,,,,
hot_dog_129.jpg,,,,,,,,
hot_dog_130.jpg,,,,,,,,
hot_dog_131.jpg,,,,,,,,
hot_dog_132.jpg,,,,,,,,
hot_dog_133.jpg,,,,,,,,
hot_dog_134.jpg,,,,,,,,
hot_dog_135.jpg,,,,,,,,
hot_dog_136.jpg,,,,,,,,
hot_dog_137.jpg,,,,,,,,
hot_dog_138.jpg,,,,,,,,
hot_dog_139.jpg,,,,,,,,
hot_dog_140.jpg,,,,,,,,
hot_dog_141.jpg,,,,,,,,
hot_dog_142.jpg,,,,,,,,
hot_dog_144.jpg,,,,,,,,
hot_dog_145.jpg,,,,,,,,
hot_dog_146.jpg,,,,,,,,
hot_dog_147.jpg,,,,,,,,
hot_dog_148.jpg,,,,,,,,
hot_dog_149.jpg,,,,,,,,
hot_dog_150.jpg,,,,,,,,
hot_dog_151.jpg,,,,,,,,
hot_dog_152.jpg,,,,,,,,
hot_dog_153.jpg,,,,,,,,
hot_dog_154.jpg,,,,,,,,
hot_dog_155.jpg,,,,,,,,
hot_dog_156.jpg,,,,,,,,
hot_dog_157.jpg,,,,,,,,
hot_dog_158.jpg,,,,,,,,
hot_dog_159.jpg,,,,,,,,
hot_dog_160.jpg,,,,,,,,
hot_dog_161.jpg,,,,,,,,
hot_dog_163.jpg,,,,,,,,
hot_dog_164.jpg,,,,,,,,
hot_dog_165.jpg,,,,,,,,
hot_dog_167.jpg,,,,,,,,
hot_dog_168.jpg,,,,,,,,
hot_dog_170.jpg,,,,,,,,
hot_dog_171.jpg,,,,,,,,
hot_dog_172.jpg,,,,,,,,
hot_dog_173.jpg,,,,,,,,
hot_dog_174.jpg,,,,,,,,
hot_dog_175.jpg,,,,,,,,
hot_dog_176.jpg,,,,,,,,
hot_dog_177.jpg,,,,,,,,
hot_dog_178.jpg,,,,,,,,
hot_dog_179.jpg,,,,,,,,
hot_dog_180.jpg,,,,,,,,
hot_dog_181.jpg,,,,,,,,
hot_dog_182.jpg,,,,,,,,
hot_dog_183.jpg,,,,,,,,
hot_dog_184.jpg,,,,,,,,
hot_dog_185.jpg,,,,,,,,
hot_dog_186.jpg,,,,,,,,
hot_dog_187.jpg,,,,,,,,
hot_dog_188.jpg,,,,,,,,
hot_dog_191.jpg,,,,,,,,
hot_dog_192.jpg,,,,,,,,
hot_dog_193.jpg,,,,,,,,
hot_dog_194.jpg,,,,,,,,
hot_dog_195.jpg,,,,,,,,
hot_dog_196.jpg,,,,,,,,
hot_dog_197.jpg,,,,,,,,
hot_dog_198.jpg,,,,,,,,
hot_dog_199.jpg,,,,,,,,
hot_dog_200.jpg,,,,,,,,
hot_dog_201.jpg,,,,,,,,
hot_dog_203.jpg,,,,,,,,
hot_dog_204.jpg,,,,,,,,
hot_dog_205.jpg,,,,,,,,
hot_dog_206.jpg,,,,,,,,
hot_dog_207.jpg,,,,,,,,
hot_dog_208.jpg,,,,,,,,
hot_dog_209.jpg,,,,,,,,
hot_dog_210.jpg,,,,,,,,
hot_dog_211.jpg,,,,,,,,
hot_dog_212.jpg,,,,,,,,
hot_dog_213.jpg,,,,,,,,
hot_dog_214.jpg,,,,,,,,
hot_dog_215.jpg,,,,,,,,
hot_dog_217.jpg,,,,,,,,
hot_dog_218.jpg,,,,,,,,
hot_dog_219.jpg,,,,,,,,
hot_dog_220.jpg,,,,,,,,
hot_dog_221.jpg,,,,,,,,
hot_dog_222.jpg,,,,,,,,
hot_dog_223.jpg,,,,,,,,
hot_dog_224.jpg,,,,,,,,
hot_dog_225.jpg,,,,,,,,
hot_dog_226.jpg,,,,,,,,
hot_dog_227.jpg,,,,,,,,
hot_dog_228.jpg,,,,,,,,
hot_dog_229.jpg,,,,,,,,
hot_dog_230.jpg,,,,,,,,
hot_dog_232.jpg,,,,,,,,
hot_dog_233.jpg,,,,,,,,
hot_dog_234.jpg,,,,,,,,
hot_dog_235.jpg,,,,,,,,
hot_dog_236.jpg,,,,,,,,
hot_dog_237.jpg,,,,,,,,
hot_dog_238.jpg,,,,,,,,
hot_dog_239.jpg,,,,,,,,
hot_dog_240.jpg,,,,,,,,
hot_dog_241.jpg,,,,,,,,
hot_dog_242.jpg,,,,,,,,
hot_dog_243.jpg,,,,,,,,
hot_dog_245.jpg,,,,,,,,
hot_dog_246.jpg,,,,,,,,
hot_dog_247.jpg,,,,,,,,
hot_dog_248.jpg,,,,,,,,
hot_dog_250.jpg,,,,,,,,
hot_dog_251.jpg,,,,,,,,
hot_dog_252.jpg,,,,,,,,
hot_dog_253.jpg,,,,,,,,
hot_dog_254.jpg,,,,,,,,
hot_dog_255.jpg,,,,,,,,
hot_dog_256.jpg,,,,,,,,
hot_dog_257.jpg,,,,,,,,
hot_dog_258.jpg,,,,,,,,
hot_dog_259.jpg,,,,,,,,
hot_dog_260.jpg,,,,,,,,
hot_dog_261.jpg,,,,,,,,
hot_dog_262.jpg,,,,,,,,
hot_dog_263.jpg,,,,,,,,
hot_dog_264.jpg,,,,,,,,
hot_dog_265.jpg,,,,,,,,
hot_dog_266.jpg,,,,,,,,
hot_dog_267.jpg,,,,,,,,
hot_dog_268.jpg,,,,,,,,
hot_dog_269.jpg,,,,,,,,
hot_dog_270.jpg,,,,,,,,
hot_dog_271.jpg,,,,,,,,
hot_dog_272.jpg,,,,,,,,
hot_dog_273.jpg,,,,,,,,
hot_dog_274.jpg,,,,,,,,
hot_dog_275.jpg,,,,,,,,
hot_dog_276.jpg,,,,,,,,
hot_dog_277.jpg,,,,,,,,
hot_dog_278.jpg,,,,,,,,
hot_dog_279.jpg,,,,,,,,
hot_dog_281.jpg,,,,,,,,
hot_dog_282.jpg,,,,,,,,
hot_dog_283.jpg,,,,,,,,
hot_dog_284.jpg,,,,,,,,
hot_dog_285.jpg,,,,,,,,
hot_dog_286.jpg,,,,,,,,
hot_dog_287.jpg,,,,,,,,
hot_dog_288.jpg,,,,,,,,
hot_dog_289.jpg,,,,,,,,
hot_dog_290.jpg,,,,,,,,
hot_dog_291.jpg,,,,,,,,
hot_dog_292.jpg,,,,,,,,
hot_dog_293.jpg,,,,,,,,
hot_dog_294.jpg,,,,,,,,
hot_dog_295.jpg,,,,,,,,
hot_dog_296.jpg,,,,,,,,
hot_dog_297.jpg,,,,,,,,
hot_dog_298.jpg,,,,,,,,
hot_dog_299.jpg,,,,,,,,
hot_dog_300.jpg,,,,,,,,
hot_dog_302.jpg,,,,,,,,
hot_dog_303.jpg,,,,,,,,
hot_dog_305.jpg,,,,,,,,
hot_dog_306.jpg,,,,,,,,
hot_dog_308.jpg,,,,,,,,
hot_dog_310.jpg,,,,,,,,
hot_dog_311.jpg,,,,,,,,
hot_dog_312.jpg,,,,,,,,
hot_dog_313.jpg,,,,,,,,
hot_dog_314.jpg,,,,,,,,
hot_dog_315.jpg,,,,,,,,
hot_dog_316.jpg,,,,,,,,
hot_dog_317.jpg,,,,,,,,
hot_dog_318.jpg,,,,,,,,
hot_dog_319.jpg,,,,,,,,
hot_dog_320.jpg,,,,,,,,
hot_dog_322.jpg,,,,,,,,
hot_dog_323.jpg,,,,,,,,
hot_dog_324.jpg,,,,,,,,
hot_dog_326.jpg,,,,,,,,
hot_dog_327.jpg,,,,,,,,
hot_dog_328.jpg,,,,,,,,
hot_dog_329.jpg,,,,,,,,
hot_dog_330.jpg,,,,,,,,
hot_dog_331.jpg,,,,,,,,
hot_dog_333.jpg,,,,,,,,
hot_dog_335.jpg,,,,,,,,
hot_dog_337.jpg,,,,,,,,
hot_dog_338.jpg,,,,,,,,
hot_dog_339.jpg,,,,,,,,
hot_dog_340.jpg,,,,,,,,
hot_dog_341.jpg,,,,,,,,
hot_dog_342.jpg,,,,,,,,
hot_dog_343.jpg,,,,,,,,
hot_dog_345.jpg,,,,,,,,
hot_dog_346.jpg,,,,,,,,
hot_dog_348.jpg,,,,,,,,
hot_dog_349.jpg,,,,,,,,
hot_dog_351.jpg,,,,,,,,
hot_dog_352.jpg,,,,,,,,
hot_dog_353.jpg,,,,,,,,
hot_dog_354.jpg,,,,,,,,
hot_dog_355.jpg,,,,,,,,
hot_dog_356.jpg,,,,,,,,
hot_dog_358.jpg,,,,,,,,
hot_dog_359.jpg,,,,,,,,
hot_dog_360.jpg,,,,,,,,
hot_dog_361.jpg,,,,,,,,
hot_dog_362.jpg,,,,,,,,
hot_dog_363.jpg,,,,,,,,
hot_dog_365.jpg,,,,,,,,
hot_dog_367.jpg,,,,,,,,
hot_dog_368.jpg,,,,,,,,
hot_dog_369.jpg,,,,,,,,
hot_dog_370.jpg,,,,,,,,
hot_dog_371.jpg,,,,,,,,
hot_dog_372.jpg,,,,,,,,
hot_dog_373.jpg,,,,,,,,
hot_dog_374.jpg,,,,,,,,
hot_dog_375.jpg,,,,,,,,
hot_dog_376.jpg,,,,,,,,
hot_dog_379.jpg,,,,,,,,
hot_dog_380.jpg,,,,,,,,
hot_dog_384.jpg,,,,,,,,
hot_dog_385.jpg,,,,,,,,
hot_dog_387.jpg,,,,,,,,
hot_dog_388.jpg,,,,,,,,
hot_dog_389.jpg,,,,,,,,
hot_dog_390.jpg,,,,,,,,
hot_dog_391.jpg,,,,,,,,
hot_dog_392.jpg,,,,,,,,
hot_dog_394.jpg,,,,,,,,
hot_dog_396.jpg,,,,,,,,
hot_dog_397.jpg,,,,,,,,
hot_dog_398.jpg,,,,,,,,
hot_dog_400.jpg,,,,,,,,
hot_dog_401.jpg,,,,,,,,
hot_dog_402.jpg,,,,,,,,
hot_dog_403.jpg,,,,,,,,
hot_dog_404.jpg,,,,,,,,
hot_dog_407.jpg,,,,,,,,
hot_dog_408.jpg,,,,,,,,
hot_dog_410.jpg,,,,,,,,
hot_dog_411.jpg,,,,,,,,
hot_dog_412.jpg,,,,,,,,
hot_dog_414.jpg,,,,,,,,
hot_dog_415.jpg,,,,,,,,
hot_dog_416.jpg,,,,,,,,
hot_dog_418.jpg,,,,,,,,
hot_dog_419.jpg,,,,,,,,
hot_dog_420.jpg,,,,,,,,
hot_dog_421.jpg,,,,,,,,
hot_dog_422.jpg,,,,,,,,
hot_dog_423.jpg,,,,,,,,
hot_dog_424.jpg,,,,,,,,
hot_dog_425.jpg,,,,,,,,
hot_dog_426.jpg,,,,,,,,
hot_dog_428.jpg,,,,,,,,
hot_dog_429.jpg,,,,,,,,
hot_dog_430.jpg,,,,,,,,
hot_dog_431.jpg,,,,,,,,
hot_dog_432.jpg,,,,,,,,
hot_dog_433.jpg,,,,,,,,
hot_dog_434.jpg,,,,,,,,
hot_dog_435.jpg,,,,,,,,
hot_dog_436.jpg,,,,,,,,
hot_dog_437.jpg,,,,,,,,
hot_dog_439.jpg,,,,,,,,
hot_dog_441.jpg,,,,,,,,
hot_dog_442.jpg,,,,,,,,
hot_dog_443.jpg,,,,,,,,
hot_dog_444.jpg,,,,,,,,
hot_dog_445.jpg,,,,,,,,
hot_dog_446.jpg,,,,,,,,
hot_dog_447.jpg,,,,,,,,
hot_dog_448.jpg,,,,,,,,
hot_dog_449.jpg,,,,,,,,
hot_dog_451.jpg,,,,,,,,
hot_dog_453.jpg,,,,,,,,
hot_dog_454.jpg,,,,,,,,
hot_dog_456.jpg,,,,,,,,
hot_dog_457.jpg,,,,,,,,
hot_dog_458.jpg,,,,,,,,
hot_dog_459.jpg,,,,,,,,
hot_dog_460.jpg,,,,,,,,
hot_dog_462.jpg,,,,,,,,
hot_dog_463.jpg,,,,,,,,
hot_dog_464.jpg,,,,,,,,
hot_dog_465.jpg,,,,,,,,
hot_dog_467.jpg,,,,,,,,
hot_dog_469.jpg,,,,,,,,
hot_dog_470.jpg,,,,,,,,
hot_dog_472.jpg,,,,,,,,
hot_dog_473.jpg,,,,,,,,
hot_dog_475.jpg,,,,,,,,
hot_dog_476.jpg,,,,,,,,
hot_dog_477.jpg,,,,,,,,
hot_dog_478.jpg,,,,,,,,
hot_dog_479.jpg,,,,,,,,
hot_dog_480.jpg,,,,,,,,
hot_dog_481.jpg,,,,,,,,
hot_dog_482.jpg,,,,,,,,
hot_dog_483.jpg,,,,,,,,
hot_dog_484.jpg,,,,,,,,
hot_dog_485.jpg,,,,,,,,
hot_dog_486.jpg,,,,,,,,
hot_dog_487.jpg,,,,,,,,
hot_dog_488.jpg,,,,,,,,
hot_dog_489.jpg,,,,,,,,
hot_dog_490.jpg,,,,,,,,
hot_dog_492.jpg,,,,,,,,
hot_dog_493.jpg,,,,,,,,
hot_dog_494.jpg,,,,,,,,
hot_dog_495.jpg,,,,,,,,
hot_dog_496.jpg,,,,,,,,
hot_dog_498.jpg,,,,,,,,
hot_dog_499.jpg,,,,,,,,
hot_dog_500.jpg,,,,,,,,
hot_dog_501.jpg,,,,,,,,
hot_dog_502.jpg,,,,,,,,
hot_dog_503.jpg,,,,,,,,
hot_dog_504.jpg,,,,,,,,
hot_dog_505.jpg,,,,,,,,
hot_dog_506.jpg,,,,,,,,
hot_dog_507.jpg,,,,,,,,
hot_dog_508.jpg,,,,,,,,
hot_dog_509.jpg,,,,,,,,
hot_dog_511.jpg,,,,,,,,
hot_dog_512.jpg,,,,,,,,
hot_dog_515.jpg,,,,,,,,
hot_dog_516.jpg,,,,,,,,
hot_dog_518.jpg,,,,,,,,
hot_dog_519.jpg,,,,,,,,
hot_dog_520.jpg,,,,,,,,
hot_dog_521.jpg,,,,,,,,
hot_dog_522.jpg,,,,,,,,
hot_dog_523.jpg,,,,,,,,
hot_dog_524.jpg,,,,,,,,
hot_dog_525.jpg,,,,,,,,
hot_dog_526.jpg,,,,,,,,
hot_dog_527.jpg,,,,,,,,
hot_dog_528.jpg,,,,,,,,
hot_dog_529.jpg,,,,,,,,
hot_dog_530.jpg,,,,,,,,
hot_dog_531.jpg,,,,,,,,
hot_dog_532.jpg,,,,,,,,
hot_dog_533.jpg,,,,,,,,
hot_dog_534.jpg,,,,,,,,
hot_dog_535.jpg,,,,,,,,
hot_dog_537.jpg,,,,,,,,
hot_dog_538.jpg,,,,,,,,
hot_dog_539.jpg,,,,,,,,
hot_dog_540.jpg,,,,,,,,
hot_dog_541.jpg,,,,,,,,
hot_dog_543.jpg,,,,,,,,
hot_dog_544.jpg,,,,,,,,
hot_dog_545.jpg,,,,,,,,
hot_dog_546.jpg,,,,,,,,
hot_dog_548.jpg,,,,,,,,
hot_dog_549.jpg,,,,,,,,
hot_dog_550.jpg,,,,,,,,
hot_dog_551.jpg,,,,,,,,
hot_dog_552.jpg,,,,,,,,
hot_dog_553.jpg,,,,,,,,
hot_dog_554.jpg,,,,,,,,
hot_dog_555.jpg,,,,,,,,
hot_dog_556.jpg,,,,,,,,
hot_dog_557.jpg,,,,,,,,
hot_dog_558.jpg,,,,,,,,
hot_dog_559.jpg,,,,,,,,
hot_dog_561.jpg,,,,,,,,
hot_dog_562.jpg,,,,,,,,
hot_dog_564.jpg,,,,,,,,
hot_dog_565.jpg,,,,,,,,
hot_dog_566.jpg,,,,,,,,
hot_dog_567.jpg,,,,,,,,
hot_dog_570.jpg,,,,,,,,
hot_dog_571.jpg,,,,,,,,
hot_dog_572.jpg,,,,,,,,
hot_dog_573.jpg,,,,,,,,
hot_dog_574.jpg,,,,,,,,
hot_dog_575.jpg,,,,,,,,
hot_dog_577.jpg,,,,,,,,
hot_dog_578.jpg,,,,,,,,
hot_dog_579.jpg,,,,,,,,
hot_dog_580.jpg,,,,,,,,
hot_dog_581.jpg,,,,,,,,
hot_dog_582.jpg,,,,,,,,
hot_dog_583.jpg,,,,,,,,
hot_dog_584.jpg,,,,,,,,
hot_dog_586.jpg,,,,,,,,
hot_dog_587.jpg,,,,,,,,
hot_dog_588.jpg,,,,,,,,
hot_dog_589.jpg,,,,,,,,
hot_dog_590.jpg,,,,,,,,
hot_dog_591.jpg,,,,,,,,
hot_dog_592.jpg,,,,,,,,
hot_dog_593.jpg,,,,,,,,
hot_dog_594.jpg,,,,,,,,
hot_dog_595.jpg,,,,,,,,
hot_dog_596.jpg,,,,,,,,
hot_dog_597.jpg,,,,,,,,
hot_dog_598.jpg,,,,,,,,
hot_dog_599.jpg,,,,,,,,
hot_dog_600.jpg,,,,,,,,
hot_dog_601.jpg,,,,,,,,
hot_dog_603.jpg,,,,,,,,
hot_dog_604.jpg,,,,,,,,
hot_dog_605.jpg,,,,,,,,
hot_dog_606.jpg,,,,,,,,
hot_dog_607.jpg,,,,,,,,
hot_dog_608.jpg,,,,,,,,
hot_dog_609.jpg,,,,,,,,
hot_dog_610.jpg,,,,,,,,
hot_dog_611.jpg,,,,,,,,
hot_dog_613.jpg,,,,,,,,
hot_dog_614.jpg,,,,,,,,
hot_dog_618.jpg,,,,,,,,
hot_dog_619.jpg,,,,,,,,
hot_dog_620.jpg,,,,,,,,
hot_dog_622.jpg,,,,,,,,
hot_dog_623.jpg,,,,,,,,
hot_dog_624.jpg,,,,,,,,
hot_dog_625.jpg,,,,,,,,
hot_dog_626.jpg,,,,,,,,
hot_dog_628.jpg,,,,,,,,
hot_dog_629.jpg,,,,,,,,
hot_dog_630.jpg,,,,,,,,
hot_dog_631.jpg,,,,,,,,
hot_dog_632.jpg,,,,,,,,
hot_dog_633.jpg,,,,,,,,
hot_dog_634.jpg,,,,,,,,
hot_dog_635.jpg,,,,,,,,
hot_dog_636.jpg,,,,,,,,
hot_dog_637.jpg,,,,,,,,
hot_dog_638.jpg,,,,,,,,
hot_dog_639.jpg,,,,,,,,
hot_dog_640.jpg,,,,,,,,
hot_dog_641.jpg,,,,,,,,
hot_dog_642.jpg,,,,,,,,
hot_dog_643.jpg,,,,,,,,
hot_dog_644.jpg,,,,,,,,
hot_dog_645.jpg,,,,,,,,
hot_dog_646.jpg,,,,,,,,
hot_dog_647.jpg,,,,,,,,
hot_dog_648.jpg,,,,,,,,
hot_dog_649.jpg,,,,,,,,
hot_dog_650.jpg,,,,,,,,
hot_dog_651.jpg,,,,,,,,
hot_dog_652.jpg,,,,,,,,
hot_dog_653.jpg,,,,,,,,
hot_dog_654.jpg,,,,,,,,
hot_dog_655.jpg,,,,,,,,
hot_dog_656.jpg,,,,,,,,
hot_dog_657.jpg,,,,,,,,
hot_dog_658.jpg,,,,,,,,
hot_dog_659.jpg,,,,,,,,
hot_dog_660.jpg,,,,,,,,
hot_dog_662.jpg,,,,,,,,
hot_dog_663.jpg,,,,,,,,
hot_dog_664.jpg,,,,,,,,
hot_dog_665.jpg,,,,,,,,
hot_dog_666.jpg,,,,,,,,
hot_dog_667.jpg,,,,,,,,
hot_dog_669.jpg,,,,,,,,
hot_dog_670.jpg,,,,,,,,
hot_dog_671.jpg,,,,,,,,
hot_dog_672.jpg,,,,,,,,
hot_dog_674.jpg,,,,,,,,
hot_dog_675.jpg,,,,,,,,
hot_dog_676.jpg,,,,,,,,
hot_dog_677.jpg,,,,,,,,
hot_dog_678.jpg,,,,,,,,
hot_dog_679.jpg,,,,,,,,
hot_dog_681.jpg,,,,,,,,
hot_dog_683.jpg,,,,,,,,
hot_dog_684.jpg,,,,,,,,
hot_dog_686.jpg,,,,,,,,
hot_dog_687.jpg,,,,,,,,
hot_dog_688.jpg,,,,,,,,
hot_dog_691.jpg,,,,,,,,
hot_dog_693.jpg,,,,,,,,
hot_dog_694.jpg,,,,,,,,
hot_dog_695.jpg,,,,,,,,
hot_dog_696.jpg,,,,,,,,
hot_dog_698.jpg,,,,,,,,
hot_dog_701.jpg,,,,,,,,
hot_dog_702.jpg,,,,,,,,
hot_dog_703.jpg,,,,,,,,
hot_dog_704.jpg,,,,,,,,
hot_dog_705.jpg,,,,,,,,
hot_dog_706.jpg,,,,,,,,
hot_dog_707.jpg,,,,,,,,
hot_dog_708.jpg,,,,,,,,
hot_dog_709.jpg,,,,,,,,
hot_dog_711.jpg,,,,,,,,
hot_dog_712.jpg,,,,,,,,
hot_dog_713.jpg,,,,,,,,
hot_dog_714.jpg,,,,,,,,
hot_dog_715.jpg,,,,,,,,
hot_dog_716.jpg,,,,,,,,
hot_dog_717.jpg,,,,,,,,
hot_dog_719.jpg,,,,,,,,
hot_dog_720.jpg,,,,,,,,
hot_dog_721.jpg,,,,,,,,
hot_dog_722.jpg,,,,,,,,
hot_dog_723.jpg,,,,,,,,
hot_dog_724.jpg,,,,,,,,
hot_dog_725.jpg,,,,,,,,
hot_dog_726.jpg,,,,,,,,
hot_dog_727.jpg,,,,,,,,
hot_dog_728.jpg,,,,,,,,
hot_dog_729.jpg,,,,,,,,
hot_dog_730.jpg,,,,,,,,
hot_dog_731.jpg,,,,,,,,
hot_dog_733.jpg,,,,,,,,
hot_dog_734.jpg,,,,,,,,
hot_dog_735.jpg,,,,,,,,
hot_dog_736.jpg,,,,,,,,
hot_dog_737.jpg,,,,,,,,
hot_dog_738.jpg,,,,,,,,
hot_dog_739.jpg,,,,,,,,
hot_dog_740.jpg,,,,,,,,
hot_dog_741.jpg,,,,,,,,
hot_dog_744.jpg,,,,,,,,
hot_dog_745.jpg,,,,,,,,
hot_dog_746.jpg,,,,,,,,
hot_dog_747.jpg,,,,,,,,
hot_dog_749.jpg,,,,,,,,
hot_dog_750.jpg,,,,,,,,
hot_dog_751.jpg,,,,,,,,
hot_dog_752.jpg,,,,,,,,
hot_dog_753.jpg,,,,,,,,
hot_dog_755.jpg,,,,,,,,
hot_dog_756.jpg,,,,,,,,
hot_dog_757.jpg,,,,,,,,
hot_dog_759.jpg,,,,,,,,
hot_dog_760.jpg,,,,,,,,
hot_dog_761.jpg,,,,,,,,
hot_dog_762.jpg,,,,,,,,
hot_dog_763.jpg,,,,,,,,
hot_dog_764.jpg,,,,,,,,
hot_dog_765.jpg,,,,,,,,
hot_dog_766.jpg,,,,,,,,
hot_dog_767.jpg,,,,,,,,
hot_dog_768.jpg,,,,,,,,
hot_dog_770.jpg,,,,,,,,
hot_dog_772.jpg,,,,,,,,
hot_dog_774.jpg,,,,,,,,
hot_dog_775.jpg,,,,,,,,
hot_dog_776.jpg,,,,,,,,
hot_dog_777.jpg,,,,,,,,
hot_dog_778.jpg,,,,,,,,
hot_dog_779.jpg,,,,,,,,
hot_dog_780.jpg,,,,,,,,
hot_dog_781.jpg,,,,,,,,
hot_dog_783.jpg,,,,,,,,
hot_dog_785.jpg,,,,,,,,
hot_dog_786.jpg,,,,,,,,
hot_dog_787.jpg,,,,,,,,
hot_dog_788.jpg,,,,,,,,
hot_dog_789.jpg,,,,,,,,
hot_dog_790.jpg,,,,,,,,
hot_dog_791.jpg,,,,,,,,
hot_dog_792.jpg,,,,,,,,
hot_dog_794.jpg,,,,,,,,
hot_dog_795.jpg,,,,,,,,
hot_dog_796.jpg,,,,,,,,
hot_dog_797.jpg,,,,,,,,
hot_dog_798.jpg,,,,,,,,
hot_dog_799.jpg,,,,,,,,
hot_dog_800.jpg,,,,,,,,
hot_dog_801.jpg,,,,,,,,
hot_dog_802.jpg,,,,,,,,
hot_dog_803.jpg,,,,,,,,
hot_dog_805.jpg,,,,,,,,
hot_dog_806.jpg,,,,,,,,
hot_dog_807.jpg,,,,,,,,
hot_dog_808.jpg,,,,,,,,
hot_dog_809.jpg,,,,,,,,
hot_dog_810.jpg,,,,,,,,
hot_dog_811.jpg,,,,,,,,
hot_dog_812.jpg,,,,,,,,
hot_dog_813.jpg,,,,,,,,
hot_dog_814.jpg,,,,,,,,
hot_dog_815.jpg,,,,,,,,
hot_dog_816.jpg,,,,,,,,
hot_dog_817.jpg,,,,,,,,
hot_dog_818.jpg,,,,,,,,
hot_dog_821.jpg,,,,,,,,
hot_dog_822.jpg,,,,,,,,
hot_dog_823.jpg,,,,,,,,
hot_dog_826.jpg,,,,,,,,
hot_dog_827.jpg,,,,,,,,
hot_dog_828.jpg,,,,,,,,
hot_dog_829.jpg,,,,,,,,
hot_dog_830.jpg,,,,,,,,
hot_dog_831.jpg,,,,,,,,
hot_dog_832.jpg,,,,,,,,
hot_dog_833.jpg,,,,,,,,
hot_dog_834.jpg,,,,,,,,
hot_dog_835.jpg,,,,,,,,
hot_dog_836.jpg,,,,,,,,
hot_dog_837.jpg,,,,,,,,
hot_dog_838.jpg,,,,,,,,
hot_dog_839.jpg,,,,,,,,
hot_dog_840.jpg,,,,,,,,
hot_dog_841.jpg,,,,,,,,
hot_dog_842.jpg,,,,,,,,
hot_dog_843.jpg,,,,,,,,
hot_dog_844.jpg,,,,,,,,
hot_dog_845.jpg,,,,,,,,
hot_dog_846.jpg,,,,,,,,
hot_dog_848.jpg,,,,,,,,
hot_dog_849.jpg,,,,,,,,
hot_dog_850.jpg,,,,,,,,
hot_dog_851.jpg,,,,,,,,
hot_dog_853.jpg,,,,,,,,
hot_dog_854.jpg,,,,,,,,
hot_dog_855.jpg,,,,,,,,
hot_dog_856.jpg,,,,,,,,
hot_dog_857.jpg,,,,,,,,
hot_dog_858.jpg,,,,,,,,
hot_dog_859.jpg,,,,,,,,
hot_dog_860.jpg,,,,,,,,
hot_dog_862.jpg,,,,,,,,
hot_dog_863.jpg,,,,,,,,
hot_dog_864.jpg,,,,,,,,
hot_dog_865.jpg,,,,,,,,
hot_dog_866.jpg,,,,,,,,
hot_dog_867.jpg,,,,,,,,
hot_dog_868.jpg,,,,,,,,
hot_dog_869.jpg,,,,,,,,
hot_dog_870.jpg,,,,,,,,
hot_dog_871.jpg,,,,,,,,
hot_dog_872.jpg,,,,,,,,
hot_dog_873.jpg,,,,,,,,
hot_dog_874.jpg,,,,,,,,
hot_dog_875.jpg,,,,,,,,
hot_dog_876.jpg,,,,,,,,
hot_dog_877.jpg,,,,,,,,
hot_dog_878.jpg,,,,,,,,
hot_dog_879.jpg,,,,,,,,
hot_dog_880.jpg,,,,,,,,
hot_dog_882.jpg,,,,,,,,
hot_dog_883.jpg,,,,,,,,
hot_dog_884.jpg,,,,,,,,
hot_dog_885.jpg,,,,,,,,
hot_dog_886.jpg,,,,,,,,
hot_dog_887.jpg,,,,,,,,
hot_dog_889.jpg,,,,,,,,
hot_dog_890.jpg,,,,,,,,
hot_dog_891.jpg,,,,,,,,
hot_dog_893.jpg,,,,,,,,
hot_dog_894.jpg,,,,,,,,
hot_dog_896.jpg,,,,,,,,
hot_dog_897.jpg,,,,,,,,
hot_dog_898.jpg,,,,,,,,
hot_dog_901.jpg,,,,,,,,
hot_dog_902.jpg,,,,,,,,
hot_dog_903.jpg,,,,,,,,
hot_dog_904.jpg,,,,,,,,
hot_dog_905.jpg,,,,,,,,
hot_dog_906.jpg,,,,,,,,
hot_dog_907.jpg,,,,,,,,
hot_dog_908.jpg,,,,,,,,
hot_dog_909.jpg,,,,,,,,
hot_dog_910.jpg,,,,,,,,
hot_dog_912.jpg,,,,,,,,
hot_dog_913.jpg,,,,,,,,
hot_dog_914.jpg,,,,,,,,
hot_dog_915.jpg,,,,,,,,
hot_dog_916.jpg,,,,,,,,
hot_dog_917.jpg,,,,,,,,
hot_dog_919.jpg,,,,,,,,
hot_dog_920.jpg,,,,,,,,
hot_dog_921.jpg,,,,,,,,
hot_dog_922.jpg,,,,,,,,
hot_dog_923.jpg,,,,,,,,
hot_dog_924.jpg,,,,,,,,
hot_dog_925.jpg,,,,,,,,
hot_dog_926.jpg,,,,,,,,
hot_dog_927.jpg,,,,,,,,
hot_dog_928.jpg,,,,,,,,
hot_dog_929.jpg,,,,,,,,
hot_dog_930.jpg,,,,,,,,
hot_dog_932.jpg,,,,,,,,
hot_dog_934.jpg,,,,,,,,
hot_dog_935.jpg,,,,,,,,
hot_dog_937.jpg,,,,,,,,
hot_dog_938.jpg,,,,,,,,
hot_dog_939.jpg,,,,,,,,
hot_dog_940.jpg,,,,,,,,
hot_dog_941.jpg,,,,,,,,
hot_dog_942.jpg,,,,,,,,
hot_dog_943.jpg,,,,,,,,
hot_dog_944.jpg,,,,,,,,
hot_dog_946.jpg,,,,,,,,
hot_dog_947.jpg,,,,,,,,
hot_dog_949.jpg,,,,,,,,
hot_dog_950.jpg,,,,,,,,
hot_dog_951.jpg,,,,,,,,
hot_dog_952.jpg,,,,,,,,
hot_dog_953.jpg,,,,,,,,
hot_dog_954.jpg,,,,,,,,
hot_dog_955.jpg,,,,,,,,
hot_dog_956.jpg,,,,,,,,
hot_dog_957.jpg,,,,,,,,
hot_dog_958.jpg,,,,,,,,
hot_dog_959.jpg,,,,,,,,
hot_dog_961.jpg,,,,,,,,
hot_dog_962.jpg,,,,,,,,
hot_dog_964.jpg,,,,,,,,
hot_dog_965.jpg,,,,,,,,
hot_dog_967.jpg,,,,,,,,
hot_dog_969.jpg,,,,,,,,
hot_dog_970.jpg,,,,,,,,
hot_dog_971.jpg,,,,,,,,
hot_dog_972.jpg,,,,,,,,
hot_dog_973.jpg,,,,,,,,
hot_dog_974.jpg,,,,,,,,
hot_dog_975.jpg,,,,,,,,
hot_dog_976.jpg,,,,,,,,
hot_dog_977.jpg,,,,,,,,
hot_dog_978.jpg,,,,,,,,
hot_dog_979.jpg,,,,,,,,
hot_dog_980.jpg,,,,,,,,
hot_dog_982.jpg,,,,,,,,
hot_dog_983.jpg,,,,,,,,
hot_dog_984.jpg,,,,,,,,
hot_dog_985.jpg,,,,,,,,
hot_dog_986.jpg,,,,,,,,
hot_dog_987.jpg,,,,,,,,
hot_dog_988.jpg,,,,,,,,
hotdog.jpg,,,,,,,,
